club_id,club_name,league_id,league,manager_change,public_must_sell,notes
520,Cercle Brugge Koninklijke Sportvereniging,BE1,Belgian Pro League,0,0,
2282,Club Brugge Koninklijke Voetbalvereniging,BE1,Belgian Pro League,0,0,
9010,FC Verbroedering Denderhoutem Denderleeuw Eendracht Hekelgem,BE1,Belgian Pro League,0,0,
157,Koninklijke Atletiek Associatie Gent,BE1,Belgian Pro League,0,0,
1184,Koninklijke Racing Club Genk,BE1,Belgian Pro League,0,0,
475,Koninklijke Sint-Truidense Voetbalvereniging,BE1,Belgian Pro League,0,0,
968,Koninklijke Voetbal Club Westerlo,BE1,Belgian Pro League,0,0,
2727,Oud-Heverlee Leuven,BE1,Belgian Pro League,0,0,
3901,RAAL La Louvière,BE1,Belgian Pro League,0,0,
1096,Royal Antwerp Football Club,BE1,Belgian Pro League,0,0,
172,Royal Charleroi Sporting Club,BE1,Belgian Pro League,0,0,
58,Royal Sporting Club Anderlecht,BE1,Belgian Pro League,0,0,
3057,Royal Standard Club de Liège,BE1,Belgian Pro League,0,0,
3948,Royale Union Saint-Gilloise,BE1,Belgian Pro League,0,0,
3508,Sportvereniging Zulte Waregem,BE1,Belgian Pro League,0,0,
354,Yellow-Red Koninklijke Voetbalclub Mechelen,BE1,Belgian Pro League,0,0,
678,Aarhus Gymnastik Forening,DK1,Danish Superliga,0,0,
206,Brøndby Idrætsforening,DK1,Danish Superliga,0,0,
5776,Fodbold Club Fredericia,DK1,Danish Superliga,0,0,
865,Fodbold Club Midtjylland,DK1,Danish Superliga,0,0,
2778,Fodbold Club Nordsjælland,DK1,Danish Superliga,0,0,
190,Football Club København,DK1,Danish Superliga,0,0,
173,Odense Boldklub,DK1,Danish Superliga,0,0,
5724,Randers Fodbold Club,DK1,Danish Superliga,0,0,
1177,Silkeborg Idrætsforening,DK1,Danish Superliga,0,0,
5817,Sønderjyske Fodbold,DK1,Danish Superliga,0,0,
443,Vejle Boldklub,DK1,Danish Superliga,0,0,
1063,Viborg Fodsports Forening,DK1,Danish Superliga,0,0,
621,Athletic Club Bilbao,ES1,La Liga,0,0,
331,Club Atlético Osasuna,ES1,La Liga,0,0,
13,Club Atlético de Madrid S.A.D.,ES1,La Liga,0,0,
1108,Deportivo Alavés S. A. D.,ES1,La Liga,0,0,
1531,Elche Club de Fútbol S.A.D.,ES1,La Liga,0,0,
131,Futbol Club Barcelona,ES1,La Liga,0,0,
3709,Getafe Club de Fútbol S. A. D. Team Dubai,ES1,La Liga,0,0,
12321,Girona Fútbol Club S. A. D.,ES1,La Liga,0,0,
3368,Levante Unión Deportiva S.A.D.,ES1,La Liga,0,0,
367,Rayo Vallecano de Madrid S. A. D.,ES1,La Liga,0,0,
150,Real Betis Balompié S.A.D.,ES1,La Liga,0,0,
940,Real Club Celta de Vigo S. A. D.,ES1,La Liga,0,0,
237,Real Club Deportivo Mallorca S.A.D.,ES1,La Liga,0,0,
418,Real Madrid Club de Fútbol,ES1,La Liga,0,0,
2497,Real Oviedo S.A.D.,ES1,La Liga,0,0,
681,Real Sociedad de Fútbol S.A.D.,ES1,La Liga,0,0,
714,Reial Club Deportiu Espanyol de Barcelona S.A.D.,ES1,La Liga,0,0,
368,Sevilla Fútbol Club S.A.D.,ES1,La Liga,0,0,
1049,Valencia Club de Fútbol S. A. D.,ES1,La Liga,0,0,
1050,Villarreal Club de Fútbol S.A.D.,ES1,La Liga,0,0,
8568,AD Ceuta FC,ES2,La Liga 2,0,0,
1532,Albacete Balompié,ES2,La Liga 2,0,0,
1536,Burgos CF,ES2,La Liga 2,0,0,
2502,CD Castellón,ES2,La Liga 2,0,0,
1244,CD Leganés,ES2,La Liga 2,0,0,
13222,CD Mirandés,ES2,La Liga 2,0,0,
4542,Cultural Leonesa,ES2,La Liga 2,0,0,
2687,Cádiz CF,ES2,La Liga 2,0,0,
993,Córdoba CF,ES2,La Liga 2,0,0,
897,Deportivo de La Coruña,ES2,La Liga 2,0,0,
10718,FC Andorra,ES2,La Liga 2,0,0,
16795,Granada CF,ES2,La Liga 2,0,0,
1084,Málaga CF,ES2,La Liga 2,0,0,
630,Racing Santander,ES2,La Liga 2,0,0,
9899,Real Sociedad B,ES2,La Liga 2,0,0,
366,Real Valladolid CF,ES2,La Liga 2,0,0,
142,Real Zaragoza,ES2,La Liga 2,0,0,
1533,SD Eibar,ES2,La Liga 2,0,0,
5358,SD Huesca,ES2,La Liga 2,0,0,
2448,Sporting Gijón,ES2,La Liga 2,0,0,
3302,UD Almería,ES2,La Liga 2,0,0,
472,UD Las Palmas,ES2,La Liga 2,0,0,
1420,Angers Sporting Club de l'Ouest,FR1,Ligue 1,0,0,
290,Association de la Jeunesse auxerroise,FR1,Ligue 1,0,0,
162,Association sportive de Monaco Football Club,FR1,Ligue 1,0,0,
1158,Football Club Lorient-Bretagne Sud,FR1,Ligue 1,0,0,
347,Football Club de Metz,FR1,Ligue 1,0,0,
995,Football Club de Nantes,FR1,Ligue 1,0,0,
738,Le Havre Athletic Club,FR1,Ligue 1,0,0,
1082,Lille Olympique Sporting Club,FR1,Ligue 1,0,0,
417,Olympique Gymnaste Club Nice Côte d'Azur,FR1,Ligue 1,0,0,
1041,Olympique Lyonnais,FR1,Ligue 1,0,0,
244,Olympique de Marseille,FR1,Ligue 1,0,0,
10004,Paris Football Club,FR1,Ligue 1,0,0,
583,Paris Saint-Germain Football Club,FR1,Ligue 1,0,0,
826,Racing Club de Lens,FR1,Ligue 1,0,0,
667,Racing Club de Strasbourg Alsace,FR1,Ligue 1,0,0,
273,Stade Rennais Football Club,FR1,Ligue 1,0,0,
3911,Stade brestois 29,FR1,Ligue 1,0,0,
415,Toulouse Football Club,FR1,Ligue 1,0,0,
1159,AS Nancy-Lorraine,FR2,Ligue 2,0,0,
618,AS Saint-Étienne,FR2,Ligue 2,0,0,
1416,Amiens SC,FR2,Ligue 2,0,0,
3524,Clermont Foot 63,FR2,Ligue 2,0,0,
855,EA Guingamp,FR2,Ligue 2,0,0,
1095,ESTAC Troyes,FR2,Ligue 2,0,0,
30204,FC Annecy,FR2,Ligue 2,0,0,
1290,Grenoble Foot 38,FR2,Ligue 2,0,0,
1164,Le Mans FC,FR2,Ligue 2,0,0,
969,Montpellier HSC,FR2,Ligue 2,0,0,
3166,Pau FC,FR2,Ligue 2,0,0,
1154,Red Star FC,FR2,Ligue 2,0,0,
11273,Rodez AF,FR2,Ligue 2,0,0,
595,SC Bastia,FR2,Ligue 2,0,0,
1080,Stade Lavallois,FR2,Ligue 2,0,0,
1421,Stade Reims,FR2,Ligue 2,0,0,
7042,US Boulogne,FR2,Ligue 2,0,0,
9202,USL Dunkerque,FR2,Ligue 2,0,0,
11,Arsenal Football Club,GB1,Premier League,0,0,
989,Association Football Club Bournemouth,GB1,Premier League,0,0,
405,Aston Villa Football Club,GB1,Premier League,0,0,
1148,Brentford Football Club,GB1,Premier League,0,0,
1237,Brighton and Hove Albion Football Club,GB1,Premier League,0,0,
1132,Burnley Football Club,GB1,Premier League,0,0,
631,Chelsea Football Club,GB1,Premier League,0,0,
873,Crystal Palace Football Club,GB1,Premier League,0,0,
29,Everton Football Club,GB1,Premier League,0,0,
931,Fulham Football Club,GB1,Premier League,0,0,
399,Leeds United Association Football Club,GB1,Premier League,0,0,
31,Liverpool Football Club,GB1,Premier League,0,0,
281,Manchester City Football Club,GB1,Premier League,0,0,
985,Manchester United Football Club,GB1,Premier League,0,0,
762,Newcastle United Football Club,GB1,Premier League,0,0,
703,Nottingham Forest Football Club,GB1,Premier League,0,0,
289,Sunderland Association Football Club,GB1,Premier League,0,0,
148,Tottenham Hotspur Football Club,GB1,Premier League,0,0,
379,West Ham United Football Club,GB1,Premier League,0,0,
543,Wolverhampton Wanderers Football Club,GB1,Premier League,0,0,
337,Birmingham City,GB2,Championship,0,0,
164,Blackburn Rovers,GB2,Championship,0,0,
698,Bristol City,GB2,Championship,0,0,
358,Charlton Athletic,GB2,Championship,0,0,
990,Coventry City,GB2,Championship,0,0,
22,Derby County,GB2,Championship,0,0,
3008,Hull City,GB2,Championship,0,0,
677,Ipswich Town,GB2,Championship,0,0,
1003,Leicester City,GB2,Championship,0,0,
641,Middlesbrough FC,GB2,Championship,0,0,
1028,Millwall FC,GB2,Championship,0,0,
1123,Norwich City,GB2,Championship,0,0,
988,Oxford United,GB2,Championship,0,0,
1020,Portsmouth FC,GB2,Championship,0,0,
466,Preston North End,GB2,Championship,0,0,
1039,Queens Park Rangers,GB2,Championship,0,0,
350,Sheffield United,GB2,Championship,0,0,
1035,Sheffield Wednesday,GB2,Championship,0,0,
180,Southampton FC,GB2,Championship,0,0,
512,Stoke City,GB2,Championship,0,0,
2288,Swansea City,GB2,Championship,0,0,
1010,Watford FC,GB2,Championship,0,0,
984,West Bromwich Albion,GB2,Championship,0,0,
1112,Wrexham AFC,GB2,Championship,0,0,
6676,A.G.S Asteras Tripolis,GR1,Super League Greece,0,0,
2672,APO Levadiakos Football Club,GR1,Super League Greece,0,0,
3060,APS Atromitos Athinon,GR1,Super League Greece,0,0,
605,Aris Thessalonikis,GR1,Super League Greece,0,0,
30120,Athlitiki Enosi Kifisias,GR1,Super League Greece,0,0,
2441,Athlitiki Enosi Konstantinoupoleos,GR1,Super League Greece,0,0,
4603,Athlitiki Enosi Larisas,GR1,Super League Greece,0,0,
683,Olympiakos Syndesmos Filathlon Peiraios,GR1,Super League Greece,0,0,
653,Omilos Filathlon Irakliou FC,GR1,Super League Greece,0,0,
265,Panathinaikos Athlitikos Omilos,GR1,Super League Greece,0,0,
6418,Panetolikos Agrinio,GR1,Super League Greece,0,0,
3385,Panserraikos Serres,GR1,Super League Greece,0,0,
1091,Panthessalonikios Athlitikos Omilos Konstantinoupoliton,GR1,Super League Greece,0,0,
60949,Volou Neos Podosferikos Syllogos,GR1,Super League Greece,0,0,
430,Associazione Calcio Fiorentina,IT1,Serie A,0,0,
5,Associazione Calcio Milan,IT1,Serie A,0,0,
12,Associazione Sportiva Roma,IT1,Serie A,0,0,
800,Atalanta Bergamasca Calcio S.p.a.,IT1,Serie A,0,0,
1025,Bologna Football Club 1909,IT1,Serie A,0,0,
1390,Cagliari Calcio,IT1,Serie A,0,0,
1047,Calcio Como,IT1,Serie A,0,0,
46,Football Club Internazionale Milano S.p.A.,IT1,Serie A,0,0,
252,Genoa Cricket and Football Club,IT1,Serie A,0,0,
506,Juventus Football Club,IT1,Serie A,0,0,
130,Parma Calcio 1913,IT1,Serie A,0,0,
4172,Pisa Sporting Club,IT1,Serie A,0,0,
6195,Società Sportiva Calcio Napoli,IT1,Serie A,0,0,
398,Società Sportiva Lazio S.p.A.,IT1,Serie A,0,0,
416,Torino Calcio,IT1,Serie A,0,0,
410,Udinese Calcio,IT1,Serie A,0,0,
2239,Unione Sportiva Cremonese S.p.A.,IT1,Serie A,0,0,
1005,Unione Sportiva Lecce,IT1,Serie A,0,0,
6574,Unione Sportiva Sassuolo Calcio,IT1,Serie A,0,0,
276,Verona Hellas Football Club,IT1,Serie A,0,0,
2919,AC Monza,IT2,Serie B,0,0,
5621,AC Reggiana 1919,IT2,Serie B,0,0,
3037,Calcio Padova,IT2,Serie B,0,0,
4159,Carrarese Calcio 1908,IT2,Serie B,0,0,
1429,Cesena FC,IT2,Serie B,0,0,
2921,Delfino Pescara 1936,IT2,Serie B,0,0,
749,FC Empoli,IT2,Serie B,0,0,
4554,FC Südtirol,IT2,Serie B,0,0,
8970,Frosinone Calcio,IT2,Serie B,0,0,
2581,Mantova 1911,IT2,Serie B,0,0,
1385,Modena FC,IT2,Serie B,0,0,
458,Palermo FC,IT2,Serie B,0,0,
5587,SS Juve Stabia,IT2,Serie B,0,0,
332,SSC Bari,IT2,Serie B,0,0,
3522,Spezia Calcio,IT2,Serie B,0,0,
1038,UC Sampdoria,IT2,Serie B,0,0,
2331,US Avellino 1912,IT2,Serie B,0,0,
4097,US Catanzaro,IT2,Serie B,0,0,
607,Venezia FC,IT2,Serie B,0,0,
20519,Virtus Entella,IT2,Serie B,0,0,
39,1. Fußball- und Sportverein Mainz 05,L1,Bundesliga,0,0,
3,1. Fußball-Club Köln,L1,Bundesliga,0,0,
2036,1. Fußballclub Heidenheim 1846,L1,Bundesliga,0,0,
89,1. Fußballclub Union Berlin,L1,Bundesliga,0,0,
15,Bayer 04 Leverkusen Fußball,L1,Bundesliga,0,0,
16,Borussia Dortmund,L1,Bundesliga,0,0,
18,Borussia Verein für Leibesübungen 1900 Mönchengladbach,L1,Bundesliga,0,0,
24,Eintracht Frankfurt Fußball AG,L1,Bundesliga,0,0,
27,FC Bayern München,L1,Bundesliga,0,0,
167,Fußball-Club Augsburg 1907,L1,Bundesliga,0,0,
35,Fußball-Club St. Pauli von 1910,L1,Bundesliga,0,0,
41,Hamburger Sport Verein,L1,Bundesliga,0,0,
23826,RasenBallsport Leipzig,L1,Bundesliga,0,0,
60,Sport-Club Freiburg,L1,Bundesliga,0,0,
86,Sportverein Werder Bremen von 1899,L1,Bundesliga,0,0,
533,Turn- und Sportgemeinschaft 1899 Hoffenheim Fußball-Spielbetriebs,L1,Bundesliga,0,0,
79,Verein für Bewegungsspiele Stuttgart 1893,L1,Bundesliga,0,0,
82,Verein für Leibesübungen Wolfsburg,L1,Bundesliga,0,0,
2,1.FC Kaiserslautern,L2,2. Bundesliga,0,0,
187,1.FC Magdeburg,L2,2. Bundesliga,0,0,
4,1.FC Nuremberg,L2,2. Bundesliga,0,0,
10,Arminia Bielefeld,L2,2. Bundesliga,0,0,
23,Eintracht Braunschweig,L2,2. Bundesliga,0,0,
33,FC Schalke 04,L2,2. Bundesliga,0,0,
38,Fortuna Düsseldorf,L2,2. Bundesliga,0,0,
42,Hannover 96,L2,2. Bundesliga,0,0,
44,Hertha BSC,L2,2. Bundesliga,0,0,
269,Holstein Kiel,L2,2. Bundesliga,0,0,
48,Karlsruher SC,L2,2. Bundesliga,0,0,
91,Preußen Münster,L2,2. Bundesliga,0,0,
127,SC Paderborn 07,L2,2. Bundesliga,0,0,
129,SG Dynamo Dresden,L2,2. Bundesliga,0,0,
64,SV 07 Elversberg,L2,2. Bundesliga,0,0,
105,SV Darmstadt 98,L2,2. Bundesliga,0,0,
65,SpVgg Greuther Fürth,L2,2. Bundesliga,0,0,
80,VfL Bochum,L2,2. Bundesliga,0,0,
51663,Atlanta United Football Club,MLS1,MLS,0,0,
72309,Austin FC,MLS1,MLS,0,0,
78435,Charlotte Football Club,MLS1,MLS,0,0,
432,Chicago Fire Soccer Club,MLS1,MLS,0,0,
69261,Club Internacional de Fútbol Miami,MLS1,MLS,0,0,
4078,Club de Foot Montréal,MLS1,MLS,0,0,
1247,Colorado Rapids,MLS1,MLS,0,0,
813,Columbus Crew,MLS1,MLS,0,0,
2440,D.C. United,MLS1,MLS,0,0,
8816,FC Dallas,MLS1,MLS,0,0,
51772,Football Club Cincinnati,MLS1,MLS,0,0,
9168,Houston Dynamo,MLS1,MLS,0,0,
51828,Los Angeles Football Club,MLS1,MLS,0,0,
1061,Los Angeles Galaxy,MLS1,MLS,0,0,
56089,Minnesota United FC,MLS1,MLS,0,0,
63966,Nashville SC,MLS1,MLS,0,0,
626,New England Revolution,MLS1,MLS,0,0,
40058,New York City Football Club,MLS1,MLS,0,0,
45604,Orlando City Soccer Club,MLS1,MLS,0,0,
25467,Philadelphia Union,MLS1,MLS,0,0,
4291,Portland Timbers,MLS1,MLS,0,0,
6643,Real Salt Lake,MLS1,MLS,0,0,
623,Red Bull New York,MLS1,MLS,0,0,
114977,San Diego Football Club,MLS1,MLS,0,0,
218,San Jose Earthquakes,MLS1,MLS,0,0,
9636,Seattle Sounders FC,MLS1,MLS,0,0,
4284,Sporting Kansas City,MLS1,MLS,0,0,
82686,St. Louis City Soccer Club,MLS1,MLS,0,0,
11141,Toronto FC,MLS1,MLS,0,0,
6321,Vancouver Whitecaps FC,MLS1,MLS,0,0,
610,AFC Ajax Amsterdam,NL1,Eredivisie,0,0,
1090,Alkmaar Zaanstreek,NL1,Eredivisie,0,0,
383,Eindhovense Voetbalvereniging Philips Sport Vereniging,NL1,Eredivisie,0,0,
798,Excelsior Rotterdam,NL1,Eredivisie,0,0,
234,Feyenoord Rotterdam,NL1,Eredivisie,0,0,
202,Football Club Groningen,NL1,Eredivisie,0,0,
317,Football Club Twente,NL1,Eredivisie,0,0,
200,Football Club Utrecht,NL1,Eredivisie,0,0,
724,Football Club Volendam,NL1,Eredivisie,0,0,
385,Fortuna Sittardia Combinatie,NL1,Eredivisie,0,0,
1435,Go Ahead Eagles,NL1,Eredivisie,0,0,
1304,Heracles Almelo,NL1,Eredivisie,0,0,
467,Nijmegen Eendracht Combinatie,NL1,Eredivisie,0,0,
132,Nooit Opgeven Altijd Doorzetten Aangenaam Door Vermaak En Nuttig Door Ontspanning Combinatie Breda,NL1,Eredivisie,0,0,
1269,Prins Hendrik Ende Desespereert Nimmer Combinatie Zwolle,NL1,Eredivisie,0,0,
468,Sparta Rotterdam,NL1,Eredivisie,0,0,
306,Sportclub Heerenveen,NL1,Eredivisie,0,0,
1434,Sportclub Telstar,NL1,Eredivisie,0,0,
110302,AVS Futebol SAD,PO1,Primeira Liga,0,0,
3268,Casa Pia Atlético Clube,PO1,Primeira Liga,0,0,
2431,Club Football Estrela da Amadora,PO1,Primeira Liga,0,0,
982,Clube Desportivo Nacional,PO1,Primeira Liga,0,0,
2423,Clube Desportivo Santa Clara,PO1,Primeira Liga,0,0,
7179,Clube Desportivo de Tondela,PO1,Primeira Liga,0,0,
2521,Futebol Clube de Alverca,PO1,Primeira Liga,0,0,
8024,Futebol Clube de Arouca,PO1,Primeira Liga,0,0,
3329,Futebol Clube de Famalicão,PO1,Primeira Liga,0,0,
720,Futebol Clube do Porto,PO1,Primeira Liga,0,0,
2424,Gil Vicente Futebol Clube,PO1,Primeira Liga,0,0,
1465,Grupo Desportivo Estoril Praia,PO1,Primeira Liga,0,0,
979,Moreirense Futebol Clube,PO1,Primeira Liga,0,0,
2425,Rio Ave Futebol Clube,PO1,Primeira Liga,0,0,
294,Sport Lisboa e Benfica,PO1,Primeira Liga,0,0,
1075,Sporting Clube de Braga,PO1,Primeira Liga,0,0,
336,Sporting Clube de Portugal,PO1,Primeira Liga,0,0,
2420,Vitória Sport Clube,PO1,Primeira Liga,0,0,
18487,Al-Ahli Saudi Football Club,SA1,Saudi Pro League,0,0,
7732,Al-Ettifaq Football Club,SA1,Saudi Pro League,0,0,
27221,Al-Fateh Club,SA1,Saudi Pro League,0,0,
50531,Al-Fayha FC,SA1,Saudi Pro League,0,0,
9131,Al-Hazem Sport Club,SA1,Saudi Pro League,0,0,
1114,Al-Hilal Saudi Football Club,SA1,Saudi Pro League,0,0,
8023,Al-Ittihad Football Club,SA1,Saudi Pro League,0,0,
6070,Al-Khaleej Club (Saihat),SA1,Saudi Pro League,0,0,
91427,Al-Kholood Club,SA1,Saudi Pro League,0,0,
32328,Al-Najma Sport Club,SA1,Saudi Pro League,0,0,
18544,Al-Nassr Football Club,SA1,Saudi Pro League,0,0,
71665,Al-Okhdood Club,SA1,Saudi Pro League,0,0,
26069,Al-Qadsiah Saudi Football Club,SA1,Saudi Pro League,0,0,
31008,Al-Riyadh Saudi Club,SA1,Saudi Pro League,0,0,
9840,Al-Shabab Club,SA1,Saudi Pro League,0,0,
28844,Al-Taawoun Football Club,SA1,Saudi Pro League,0,0,
50532,Damac Football Club,SA1,Saudi Pro League,0,0,
34911,Neom Sports Club,SA1,Saudi Pro League,0,0,
370,Aberdeen Football Club,SC1,Scottish Premiership,0,0,
511,Dundee Football Club,SC1,Scottish Premiership,0,0,
1519,Dundee United Football Club,SC1,Scottish Premiership,0,0,
1191,Falkirk Football & Athletic Club,SC1,Scottish Premiership,0,0,
43,Heart of Midlothian Football Club,SC1,Scottish Premiership,0,0,
903,Hibernian Football Club,SC1,Scottish Premiership,0,0,
2553,Kilmarnock Football Club,SC1,Scottish Premiership,0,0,
1241,Livingston Football Club,SC1,Scottish Premiership,0,0,
987,Motherwell Football Club,SC1,Scottish Premiership,0,0,
124,Rangers Football Club,SC1,Scottish Premiership,0,0,
465,Saint Mirren Football Club,SC1,Scottish Premiership,0,0,
371,The Celtic Football Club,SC1,Scottish Premiership,0,0,
11282,Alanyaspor,TR1,Süper Lig,0,0,
589,Antalyaspor,TR1,Süper Lig,0,0,
114,Beşiktaş Jimnastik Kulübü,TR1,Süper Lig,0,0,
7160,Eyüp Spor Kulübü,TR1,Süper Lig,0,0,
6646,Fatih Karagümrük Sportif Faaliyetler San. Tic. A.Ş.,TR1,Süper Lig,0,0,
36,Fenerbahçe Spor Kulübü,TR1,Süper Lig,0,0,
141,Galatasaray Spor Kulübü,TR1,Süper Lig,0,0,
2832,Gaziantep Futbol Kulübü A.Ş.,TR1,Süper Lig,0,0,
820,Gençlerbirliği Spor Kulübü,TR1,Süper Lig,0,0,
1467,Göztepe Sportif Yatırımlar A.Ş.,TR1,Süper Lig,0,0,
10484,Kasımpaşa A.Ş.,TR1,Süper Lig,0,0,
3205,Kayserispor Kulübü,TR1,Süper Lig,0,0,
120,Kocaelispor Kulübü,TR1,Süper Lig,0,0,
2293,Konyaspor,TR1,Süper Lig,0,0,
152,Samsunspor,TR1,Süper Lig,0,0,
449,Trabzonspor Kulübü,TR1,Süper Lig,0,0,
126,Çaykur Rizespor Kulübü,TR1,Süper Lig,0,0,
6890,İstanbul Başakşehir Futbol Kulübü,TR1,Süper Lig,0,0,
